Nr,Email,Web
1,konerent@konerent.com,/profiili/turun-kone-rent-oy/193918
2,tapani.karjalainen@rakennusniska.fi,/profiili/rakennus-nis-ka-ky/252104
3,tapiola@vuokraava.fi,/profiili/vuokraava-oy/185090
4,lohja@vuokraava.fi,/profiili/vuokraava-oy/518225
5,kirkkonummi@vuokraava.fi,/profiili/vuokraava-oy/208215
6,info@kspt.fi,/profiili/kspt-insulation-oy/455440
7,info@pept.fi,/profiili/pept-oy-ab/167307
8,asiakaspalvelu@telinepalvelu.fi,/profiili/nordic-working-men-oy/897831
9,info@kas-telineet.fi,/profiili/kas-telineet-oy/145014
10,mmtools@mmtools.fi,/profiili/mm-tools/952097
11,myynti@pienkone-ekspertit.fi,/profiili/pienkone-ekspertit-oy/217556
12,vantaan.vuokraus@cramo.com,/profiili/cramo-finland-oy-vantaa-ylasto/171713
13,espoon.vuokraus@cramo.com,/profiili/cramo-finland-oy-espoo/206871
14,jatkasaaren.vuokraus@cramo.com,/profiili/cramo-finland-oy-helsinki-jatkasaari/2729365
15,konalan.vuokraus@cramo.com,/profiili/cramo-finland-oy-helsinki-konala/1945074
16,malmi.vuokraus@cramo.com,/profiili/cramo-finland-oy-helsinki-malmi/3167610
17,helsinki-pasila.vuokraus@cramo.com,/profiili/cramo-finland-oy-helsinki-pasila/3339525
18,sompasaaren.vuokraus@cramo.com,/profiili/cramo-finland-oy-helsinki-sompasaari/3258648
19,hyvinkaan.vuokraus@cramo.com,/profiili/cramo-finland-oy-hyvinkaa/933769
20,hameenlinnan.vuokraus@cramo.com,/profiili/cramo-finland-oy-hameenlinna/206884
21,imatran.vuokraus@cramo.com,/profiili/cramo-finland-oy-imatra/206888
22,joensuun.vuokraus@cramo.com,/profiili/cramo-finland-oy-joensuu/206891
23,jyvaskylan.vuokraus@cramo.com,/profiili/cramo-finland-oy-jyvaskyla/206898
24,jamsan.vuokraus@cramo.com,/profiili/cramo-finland-oy-jamsa/1932464
25,jarvenpaan.vuokraus@cramo.com,/profiili/cramo-finland-oy-jarvenpaa/1047088
26,kajaanin.vuokraus@cramo.com,/profiili/cramo-finland-oy-kajaani/206899
27,kemin.vuokraus@cramo.com,/profiili/cramo-finland-oy-kemi/206920
28,kilpilahden.vuokraus@cramo.com,/profiili/cramo-finland-oy-kilpilahti/765246
29,kirkkonummen.vuokraus@cramo.com,/profiili/cramo-finland-oy-kirkkonummi/515090
